0;0;0;0;land;false;unknown;0
1;162;153;212;land;false;jungle;1
2;229;118;171;land;false;mountain;1
3;243;166;140;land;false;mountain;1
4;241;190;146;land;false;urban;1
5;222;254;199;land;true;mountain;1
6;240;90;216;land;false;jungle;1
7;142;163;227;land;false;hills;1
8;137;248;151;land;false;mountain;1
9;148;222;215;land;false;jungle;1
10;167;104;248;land;false;mountain;1
11;141;213;236;land;false;hills;1
12;251;169;246;land;false;hills;1
13;201;152;190;land;false;hills;1
14;251;186;176;land;false;mountain;1
15;226;212;168;land;false;mountain;1
16;157;238;245;land;false;hills;1
17;205;217;242;land;true;jungle;1
18;108;225;180;land;false;jungle;1
19;252;246;198;land;false;forest;1
20;22;250;253;land;false;mountain;1
21;156;216;147;land;false;jungle;1
22;238;201;199;land;false;jungle;1
23;189;136;177;land;false;mountain;1
24;117;225;164;land;true;jungle;1
25;214;155;157;land;false;mountain;1
26;169;207;199;land;false;hills;1
27;169;168;238;land;false;hills;1
28;183;127;201;land;false;urban;1
29;150;181;180;land;false;hills;1
30;175;225;232;land;false;hills;1
31;240;146;243;land;false;urban;1
32;234;235;119;land;false;forest;1
33;200;247;110;land;false;jungle;1
34;253;170;219;land;false;mountain;1
35;172;142;251;land;false;jungle;1
36;245;246;238;land;false;hills;1
37;210;172;200;land;false;hills;1
38;175;246;82;land;false;jungle;1
39;230;102;203;land;true;jungle;1
40;248;237;223;land;false;mountain;1
41;110;237;189;land;false;hills;1
42;193;233;135;land;false;jungle;1
43;165;246;175;land;false;mountain;1
44;236;146;178;land;true;hills;1
45;245;109;209;land;false;jungle;1
46;120;234;217;land;false;forest;1
47;133;251;206;land;false;forest;1
48;128;192;219;land;false;jungle;1
49;229;224;232;land;false;mountain;1
50;240;210;189;land;false;mountain;1
51;210;198;161;land;false;mountain;1
52;237;146;152;land;false;forest;1
53;222;124;243;land;false;mountain;1
54;207;127;230;land;false;hills;1
55;240;142;146;land;false;mountain;1
56;249;208;254;land;false;jungle;1
57;30;236;235;land;false;hills;1
58;224;118;232;land;false;jungle;1
59;131;223;235;land;false;hills;1
60;154;242;227;land;false;jungle;1
61;248;59;243;land;false;jungle;1
62;172;252;236;land;true;jungle;1
63;145;252;143;land;false;hills;1
64;252;230;206;land;false;jungle;1
65;232;185;117;land;false;hills;1
66;237;228;186;land;false;jungle;1
67;247;174;211;land;false;hills;1
68;229;213;117;land;false;jungle;1
69;154;127;240;land;false;mountain;1
70;253;242;45;land;false;hills;1
71;219;222;178;land;false;urban;1
72;124;209;236;land;false;jungle;1
73;129;185;191;land;false;jungle;1
74;201;212;113;land;false;mountain;1
75;223;239;52;land;false;hills;1
76;203;191;119;land;false;hills;1
77;243;218;215;land;true;urban;1
78;236;89;205;land;false;jungle;1
79;202;184;139;land;false;mountain;1
80;241;154;163;land;false;mountain;1
81;168;205;202;land;false;hills;1
82;141;195;218;land;false;hills;1
83;232;218;208;land;false;jungle;1
84;166;238;203;land;false;mountain;1
85;130;211;247;land;false;mountain;1
86;214;201;231;land;false;mountain;1
87;214;166;139;land;false;jungle;1
88;231;114;208;land;false;jungle;1
89;246;215;252;land;false;forest;1
90;252;231;90;land;false;jungle;1
91;182;210;168;land;false;jungle;1
92;155;200;226;land;false;hills;1
93;223;129;196;land;false;jungle;1
94;221;60;228;land;false;jungle;1
95;78;193;242;land;false;jungle;1
96;207;121;197;land;false;hills;1
97;121;223;178;land;false;mountain;1
98;124;249;250;land;false;hills;1
99;190;144;234;land;false;mountain;1
100;254;181;203;land;false;mountain;1
101;242;234;123;land;false;hills;1
102;226;219;97;land;false;jungle;1
103;202;249;112;land;true;jungle;1
104;214;222;239;land;false;mountain;1
105;251;213;254;land;false;hills;1
106;176;223;179;land;false;mountain;1
107;183;249;235;land;false;hills;1
108;170;203;250;land;false;jungle;1
109;175;209;215;land;false;mountain;1
110;210;196;180;land;true;hills;1
111;226;191;227;land;false;hills;1
112;156;241;154;land;false;hills;1
113;181;176;211;land;false;jungle;1
114;229;238;94;land;false;mountain;1
115;253;246;173;land;false;jungle;1
116;209;227;231;land;false;mountain;1
117;231;198;182;land;false;hills;1
118;242;204;176;land;false;hills;1
119;178;246;80;land;false;hills;1
120;198;234;160;land;false;mountain;1
121;243;178;169;land;false;hills;1
122;190;128;196;land;false;forest;1
123;199;166;179;land;false;jungle;1
124;243;199;96;land;false;hills;1
125;211;111;224;land;false;jungle;1
126;148;249;231;land;false;hills;1
127;156;209;237;land;false;jungle;1
128;178;193;249;land;false;hills;1
129;254;174;74;land;true;jungle;1
130;220;180;124;land;false;mountain;1
131;138;203;179;land;false;jungle;1
132;230;204;250;land;false;jungle;1
133;145;233;184;land;false;mountain;1
134;171;169;192;land;false;hills;1
135;161;236;183;land;false;jungle;1
136;183;240;83;land;false;hills;1
137;201;242;129;land;false;jungle;1
138;176;146;180;land;true;forest;1
139;207;246;94;land;false;hills;1
140;225;252;175;land;false;mountain;1
141;253;252;216;land;false;mountain;1
142;151;209;179;land;false;hills;1
143;138;236;132;land;false;jungle;1
144;130;159;246;land;false;jungle;1
145;217;157;196;land;false;jungle;1
146;249;186;91;land;false;jungle;1
147;167;224;197;land;false;jungle;1
148;147;228;140;land;false;mountain;1
149;233;201;200;land;false;forest;1
150;244;168;230;land;false;jungle;1
151;160;141;223;land;false;hills;1
152;134;246;221;land;false;jungle;1
153;230;203;143;land;false;mountain;1
154;254;131;215;land;false;jungle;1
155;252;52;252;land;false;forest;1
156;136;204;248;land;true;forest;1
157;249;167;165;land;false;mountain;1
158;240;254;79;land;true;jungle;1
159;149;245;240;land;false;mountain;1
160;144;142;233;land;false;hills;1
161;84;253;248;land;false;mountain;1
162;197;204;213;land;false;jungle;1
163;110;215;178;land;false;forest;1
164;249;204;85;land;false;jungle;1
165;142;228;231;land;false;jungle;1
166;237;114;224;land;false;mountain;1
167;242;86;179;land;false;mountain;1
168;168;130;246;land;false;hills;1
169;108;216;219;land;false;hills;1
170;180;129;254;land;false;mountain;1
171;243;113;234;land;false;jungle;1
172;180;183;157;land;false;mountain;1
173;248;164;159;land;false;hills;1
174;254;212;109;land;false;mountain;1
175;239;240;191;land;false;hills;1
176;235;117;250;land;false;hills;1
177;77;214;214;land;false;mountain;1
178;142;193;233;land;false;forest;1
179;140;245;227;land;false;jungle;1
180;195;184;162;land;false;jungle;1
181;199;215;247;land;false;jungle;1
182;200;76;253;land;false;mountain;1
183;145;163;247;land;false;jungle;1
184;167;229;168;land;true;jungle;1
185;209;224;254;land;false;mountain;1
186;83;202;254;land;false;mountain;1
187;238;125;241;land;false;jungle;1
188;238;215;78;land;false;jungle;1
189;175;182;232;land;true;urban;1
190;217;221;91;land;true;jungle;1
191;239;182;188;land;false;jungle;1
192;206;73;234;land;false;hills;1
193;170;224;195;land;false;forest;1
194;208;81;252;land;false;mountain;1
195;206;200;136;land;false;hills;1
196;238;78;205;land;false;mountain;1
197;245;197;96;land;false;hills;1
198;168;104;254;land;true;jungle;1
199;109;160;242;land;false;hills;1
200;184;224;141;land;false;jungle;1
201;215;177;245;land;false;mountain;1
202;175;227;188;land;false;mountain;1
203;213;169;193;land;false;mountain;1
204;248;201;53;land;false;mountain;1
205;207;183;160;land;false;mountain;1
206;197;140;199;land;false;mountain;1
207;219;215;226;land;false;hills;1
208;233;209;162;land;false;mountain;1
209;137;222;249;land;false;jungle;1
210;55;245;235;land;false;jungle;1
211;239;77;249;land;false;jungle;1
212;153;108;254;land;false;mountain;1
213;212;213;148;land;false;jungle;1
214;200;253;216;land;true;jungle;1
215;74;248;213;land;false;hills;1
216;234;247;119;land;false;jungle;1
217;181;237;166;land;false;mountain;1
218;138;222;187;land;false;jungle;1
219;97;249;197;land;false;jungle;1
220;203;149;202;land;false;forest;1
221;240;181;204;land;true;jungle;1
222;74;251;236;land;false;hills;1
223;122;209;170;land;false;jungle;1
224;167;164;191;land;false;mountain;1
225;208;207;172;land;false;jungle;1
226;225;133;244;land;false;hills;1
227;150;185;206;land;true;jungle;1
228;223;67;250;land;true;urban;1
229;161;99;254;land;false;mountain;1
230;247;195;72;land;false;jungle;1
231;167;215;225;land;false;jungle;1
232;198;134;183;land;false;hills;1
233;117;179;218;land;false;urban;1
234;197;193;111;land;true;jungle;1
235;187;173;142;land;false;mountain;1
236;218;130;212;land;false;jungle;1
237;187;191;183;land;false;mountain;1
238;145;233;194;land;false;jungle;1
239;222;54;232;land;true;hills;1
240;253;148;208;land;false;jungle;1
241;226;243;238;land;false;jungle;1
242;149;118;237;land;false;hills;1
243;248;211;222;land;false;forest;1
244;71;185;247;land;false;hills;1
245;124;207;212;land;false;jungle;1
246;181;194;206;land;false;hills;1
247;115;178;220;land;false;mountain;1
248;105;215;224;land;true;mountain;1
249;233;154;127;land;false;hills;1
250;253;159;162;land;false;jungle;1
251;69;235;229;land;false;mountain;1
252;96;252;183;land;false;hills;1
253;91;254;251;land;false;mountain;1
254;253;75;211;land;true;jungle;1
255;124;199;219;land;false;hills;1
256;177;254;201;land;true;jungle;1
257;181;165;241;land;false;forest;1
258;161;237;206;land;false;urban;1
259;77;243;217;land;false;hills;1
260;181;152;189;land;false;jungle;1
261;141;142;225;land;false;hills;1
262;215;162;187;land;false;jungle;1
263;185;162;169;land;false;hills;1
264;150;228;246;land;false;mountain;1
265;131;217;192;land;false;jungle;1
266;226;147;240;land;false;jungle;1
267;231;239;181;land;false;mountain;1
268;116;206;215;land;true;jungle;1
269;229;247;63;land;false;hills;1
270;121;163;218;land;false;jungle;1
271;244;244;58;land;false;jungle;1
272;234;146;136;land;false;hills;1
273;241;219;95;land;true;jungle;1
274;199;244;230;land;false;jungle;1
275;221;190;243;land;false;mountain;1
276;242;171;144;land;false;mountain;1
277;64;227;246;land;false;jungle;1
278;89;227;254;land;false;mountain;1
279;213;63;245;land;false;mountain;1
280;66;203;246;land;false;hills;1
281;145;234;181;land;false;forest;1
282;171;230;222;land;false;mountain;1
283;89;198;231;land;false;forest;1
284;251;209;121;land;false;hills;1
285;252;126;160;land;true;hills;1
286;105;231;192;land;false;jungle;1
287;244;235;169;land;false;hills;1
288;248;238;39;land;false;mountain;1
289;162;231;206;land;false;jungle;1
290;251;179;160;land;false;hills;1
291;167;214;138;land;false;jungle;1
292;244;252;105;land;false;mountain;1
293;81;250;204;land;false;hills;1
294;160;106;243;land;false;jungle;1
295;156;225;146;land;false;jungle;1
296;195;206;181;land;false;jungle;1
297;233;216;104;land;true;jungle;1
298;64;245;199;land;false;jungle;1
299;244;242;167;land;false;jungle;1
300;188;79;245;land;false;forest;1
301;108;241;193;land;false;jungle;1
302;216;207;116;land;false;forest;1
303;178;113;250;land;false;forest;1
304;226;46;253;land;false;jungle;1
305;248;152;250;land;false;jungle;1
306;245;225;196;land;false;hills;1
307;135;238;250;land;false;hills;1
308;228;159;148;land;false;hills;1
309;54;249;226;land;false;jungle;1
310;32;248;234;land;false;forest;1
311;171;222;238;land;true;hills;1
312;101;201;202;land;false;jungle;1
313;170;210;235;land;false;mountain;1
314;168;234;243;land;false;jungle;1
315;207;99;247;land;false;mountain;1
316;174;136;201;land;false;mountain;1
317;198;230;134;land;false;jungle;1
318;123;225;199;land;true;jungle;1
319;233;188;189;land;false;hills;1
320;234;165;205;land;false;jungle;1
321;254;219;54;land;false;hills;1
322;92;239;237;land;false;jungle;1
323;158;178;211;land;false;mountain;1
324;151;101;250;land;false;forest;1
325;238;192;168;land;false;mountain;1
326;187;243;224;land;false;jungle;1
327;185;158;204;land;false;hills;1
328;217;188;113;land;false;urban;1
329;206;182;127;land;false;mountain;1
330;245;200;80;land;false;jungle;1
331;131;249;175;land;false;hills;1
332;234;234;104;land;false;jungle;1
333;232;200;104;land;false;mountain;1
334;199;209;219;land;false;hills;1
335;248;195;102;land;false;mountain;1
336;222;146;253;land;false;jungle;1
337;240;67;226;land;false;urban;1
338;194;150;201;land;true;mountain;1
339;243;197;80;land;true;mountain;1
340;167;206;242;land;false;hills;1
341;249;144;222;land;false;hills;1
342;145;251;233;land;true;mountain;1
343;149;209;195;land;false;mountain;1
344;251;119;252;land;false;mountain;1
345;184;77;243;land;false;jungle;1
346;108;212;224;land;false;hills;1
347;149;250;138;land;false;jungle;1
348;166;233;237;land;false;jungle;1
349;238;251;146;land;false;forest;1
350;233;103;232;land;false;jungle;1
351;70;231;251;land;false;jungle;1
352;211;183;179;land;false;jungle;1
353;153;179;198;land;true;jungle;1
354;205;165;166;land;false;jungle;1
355;183;168;188;land;false;urban;1
356;254;116;210;land;false;mountain;1
357;120;232;200;land;false;jungle;1
358;218;217;235;land;true;jungle;1
359;203;65;242;land;false;jungle;1
360;56;223;247;land;true;jungle;1
361;244;228;46;land;false;mountain;1
362;178;136;242;land;false;mountain;1
363;106;241;173;land;false;mountain;1
364;115;178;253;land;false;jungle;1
365;114;177;225;land;false;jungle;1
366;242;134;229;land;false;hills;1
367;227;233;116;land;false;jungle;1
368;170;241;111;land;false;jungle;1
369;183;209;236;land;true;hills;1
370;229;158;195;land;false;hills;1
371;222;202;213;land;true;jungle;1
372;184;110;253;land;true;forest;1
373;238;232;66;land;false;mountain;1
374;200;151;199;land;false;hills;1
375;162;251;135;land;false;forest;1
376;215;177;235;land;false;hills;1
377;244;184;97;land;false;mountain;1
378;222;67;254;land;false;jungle;1
379;209;254;112;land;false;jungle;1
380;130;239;241;land;false;forest;1
381;177;252;123;land;false;mountain;1
382;176;156;219;land;false;hills;1
383;36;254;233;land;false;jungle;1
384;187;188;169;land;true;urban;1
385;166;178;180;land;false;hills;1
386;195;189;147;land;false;jungle;1
387;203;152;197;land;false;jungle;1
388;126;235;167;land;false;forest;1
389;247;209;147;land;false;hills;1
390;225;87;249;land;false;mountain;1
391;185;138;198;land;false;jungle;1
392;179;219;143;land;false;jungle;1
393;225;61;220;land;false;hills;1
394;217;252;140;land;false;jungle;1
395;142;128;248;land;false;hills;1
396;231;58;235;land;false;forest;1
397;149;174;182;land;false;jungle;1
398;191;183;136;land;false;jungle;1
399;146;170;254;land;false;mountain;1
400;212;173;243;land;false;jungle;1
401;247;176;141;land;true;jungle;1
402;248;254;225;land;false;jungle;1
403;139;193;173;land;true;jungle;1
404;179;219;243;land;false;forest;1
405;235;184;166;land;false;hills;1
406;113;190;203;land;false;jungle;1
407;231;97;197;land;true;jungle;1
408;202;225;163;land;false;mountain;1
409;116;226;241;land;false;jungle;1
410;235;42;225;land;false;jungle;1
411;139;153;220;land;false;mountain;1
412;193;222;165;land;false;hills;1
413;229;196;205;land;false;mountain;1
414;68;244;244;land;false;hills;1
415;239;175;224;land;false;mountain;1
416;153;243;199;land;true;jungle;1
417;171;105;231;land;false;mountain;1
418;218;129;198;land;false;jungle;1
419;220;159;239;land;false;jungle;1
420;213;104;204;land;false;hills;1
421;124;245;184;land;false;hills;1
422;100;249;240;land;true;forest;1
423;187;238;132;land;true;urban;1
424;189;198;145;land;false;mountain;1
425;200;85;246;land;false;jungle;1
426;76;247;189;land;false;jungle;1
427;229;225;113;land;false;jungle;1
428;232;178;152;land;true;jungle;1
429;170;243;189;land;false;jungle;1
430;215;243;143;land;false;hills;1
431;209;174;171;land;false;jungle;1
432;35;228;245;land;true;forest;1
433;30;233;245;land;false;jungle;1
434;199;234;100;land;false;jungle;1
435;228;87;215;land;false;mountain;1
436;216;202;199;land;false;jungle;1
437;190;178;182;land;false;jungle;1
438;130;201;235;land;false;jungle;1
439;165;181;226;land;false;jungle;1
440;38;234;235;land;false;jungle;1
441;180;218;196;land;false;jungle;1
442;124;162;232;land;false;hills;1
443;204;190;222;land;false;hills;1
444;231;30;252;land;false;forest;1
445;215;247;201;land;false;mountain;1
446;90;223;189;land;false;jungle;1
447;198;191;169;land;false;forest;1
448;238;97;185;land;true;jungle;1
449;199;133;247;land;true;jungle;1
450;189;190;225;land;false;mountain;1
451;135;177;207;land;false;jungle;1
452;157;176;169;land;false;urban;1
453;147;238;191;land;false;hills;1
454;54;226;252;land;false;mountain;1
455;243;143;206;land;false;mountain;1
456;173;186;208;land;true;jungle;1
457;240;239;172;land;false;urban;1
458;217;116;253;land;false;urban;1
459;244;65;229;land;false;jungle;1
460;205;164;231;land;false;hills;1
461;123;194;229;land;false;jungle;1
462;235;175;128;land;false;hills;1
463;140;155;209;land;false;jungle;1
464;136;216;204;land;false;mountain;1
465;230;204;252;land;false;urban;1
466;140;155;215;land;false;jungle;1
467;169;214;203;land;false;mountain;1
468;85;248;174;land;false;mountain;1
469;241;209;99;land;true;jungle;1
470;134;251;236;land;false;jungle;1
471;242;167;239;land;false;mountain;1
472;254;233;91;land;false;jungle;1
473;254;244;29;land;false;mountain;1
474;47;235;251;land;false;jungle;1
475;103;200;224;land;true;urban;1
476;175;160;192;land;false;mountain;1
477;225;151;147;land;false;jungle;1
478;234;214;54;land;false;hills;1
479;234;94;187;land;true;jungle;1
480;75;231;236;land;false;jungle;1
481;194;140;171;land;true;jungle;1
482;189;218;110;land;false;hills;1
483;243;234;80;land;false;hills;1
484;133;195;214;land;false;hills;1
485;224;246;64;land;false;hills;1
486;159;196;167;land;false;jungle;1
487;230;171;148;land;false;mountain;1
488;153;226;145;land;true;hills;1
489;134;244;165;land;false;jungle;1
490;146;240;247;land;false;jungle;1
491;126;241;222;land;true;forest;1
492;192;225;237;land;false;hills;1
493;230;218;67;land;false;forest;1
494;189;188;219;land;false;mountain;1
495;90;235;214;land;false;jungle;1
496;247;162;239;land;false;jungle;1
497;208;227;107;land;false;jungle;1
498;178;234;173;land;false;hills;1
499;30;220;254;land;false;jungle;1
500;249;159;179;land;false;mountain;1
501;246;190;166;land;false;hills;1
502;93;251;197;land;false;jungle;1
503;186;209;218;land;false;mountain;1
504;241;156;245;land;false;jungle;1
505;152;136;223;land;false;jungle;1
506;206;248;47;land;false;forest;1
507;211;69;225;land;false;jungle;1
508;236;97;234;land;false;mountain;1
509;241;205;150;land;false;jungle;1
510;95;166;250;land;false;urban;1
511;248;204;183;land;false;mountain;1
512;193;208;225;land;false;jungle;1
513;25;252;229;land;false;mountain;1
514;230;198;92;land;false;jungle;1
515;181;165;235;land;true;jungle;1
516;213;95;240;land;false;mountain;1
517;220;77;220;land;false;mountain;1
518;155;218;233;land;false;jungle;1
519;122;223;175;land;false;mountain;1
520;208;160;233;land;false;jungle;1
521;221;233;61;land;false;jungle;1
522;248;155;231;land;false;jungle;1
523;117;200;230;land;false;mountain;1
524;111;160;251;land;false;jungle;1
525;185;199;226;land;false;forest;1
526;56;254;235;land;false;mountain;1
527;210;210;247;land;false;jungle;1
528;235;33;243;land;false;hills;1
529;180;188;243;land;false;jungle;1
530;198;227;203;land;false;jungle;1
531;183;192;175;land;false;forest;1
532;161;183;196;land;false;jungle;1
533;239;33;244;land;false;jungle;1
534;170;207;132;land;false;jungle;1
535;218;184;220;land;true;jungle;1
536;215;179;194;land;false;jungle;1
537;207;243;254;land;false;hills;1
538;202;215;196;land;false;mountain;1
539;199;171;158;land;true;jungle;1
540;244;26;241;land;false;jungle;1
541;193;250;150;land;false;hills;1
542;82;220;222;land;false;hills;1
543;204;249;173;land;false;hills;1
544;204;150;171;land;true;hills;1
545;223;175;128;land;true;forest;1
546;200;141;223;land;false;jungle;1
547;241;168;132;land;false;mountain;1
548;223;153;220;land;false;mountain;1
549;208;244;114;land;false;jungle;1
550;198;230;91;land;false;mountain;1
551;230;203;124;land;false;mountain;1
552;180;232;254;land;false;jungle;1
553;184;134;212;land;false;jungle;1
554;239;108;185;land;false;urban;1
555;129;218;231;land;false;jungle;1
556;62;245;211;land;false;jungle;1
557;246;227;135;land;false;hills;1
558;240;238;162;land;false;urban;1
559;112;248;252;land;false;jungle;1
560;119;203;181;land;false;jungle;1
561;245;217;85;land;false;mountain;1
562;137;229;164;land;false;mountain;1
563;222;177;202;land;false;forest;1
564;53;244;228;land;false;hills;1
565;82;247;226;land;false;hills;1
566;246;22;252;land;false;jungle;1
567;240;226;216;land;false;jungle;1
568;175;221;237;land;false;mountain;1
569;218;131;186;land;false;hills;1
570;157;182;174;land;false;jungle;1
571;203;253;52;land;false;jungle;1
572;65;199;247;land;false;jungle;1
573;197;102;239;land;false;urban;1
574;250;155;248;land;true;jungle;1
575;240;248;168;land;false;jungle;1
576;220;77;235;land;false;jungle;1
577;202;128;187;land;false;hills;1
578;126;226;242;land;false;jungle;1
579;194;197;203;land;false;jungle;1
580;242;204;215;land;false;hills;1
581;226;251;42;land;true;jungle;1
582;120;198;243;land;true;mountain;1
583;188;183;221;land;true;mountain;1
584;249;58;241;land;false;jungle;1
585;187;207;223;land;false;mountain;1
586;168;117;238;land;false;hills;1
587;143;173;189;land;false;jungle;1
588;185;216;208;land;false;mountain;1
589;192;225;176;land;false;hills;1
590;218;183;188;land;false;forest;1
591;239;113;227;land;false;jungle;1
592;140;195;229;land;false;hills;1
593;183;227;210;land;false;hills;1
594;200;206;109;land;true;jungle;1
595;196;248;229;land;false;forest;1
596;173;208;176;land;false;hills;1
597;208;144;190;land;false;jungle;1
598;201;102;254;land;false;jungle;1
599;208;253;239;land;false;mountain;1
600;254;137;226;land;false;jungle;1
601;250;52;230;land;false;hills;1
602;211;201;234;land;false;forest;1
603;188;245;202;land;false;jungle;1
604;145;192;198;land;false;mountain;1
605;244;124;216;land;true;jungle;1
606;243;212;97;land;false;jungle;1
607;156;231;198;land;false;forest;1
608;179;153;205;land;false;hills;1
609;196;98;245;land;false;forest;1
610;64;243;233;land;false;mountain;1
611;85;239;224;land;false;hills;1
612;222;104;250;land;false;mountain;1
613;141;199;216;land;false;jungle;1
614;225;202;98;land;false;hills;1
615;157;167;220;land;false;forest;1
616;158;216;159;land;false;jungle;1
617;195;198;209;land;false;mountain;1
618;175;178;228;land;false;mountain;1
619;231;243;172;land;false;jungle;1
620;104;240;189;land;true;jungle;1
621;242;230;135;land;true;hills;1
622;123;239;151;land;false;forest;1
623;236;122;211;land;false;hills;1
624;204;208;129;land;false;jungle;1
625;254;216;183;land;false;forest;1
626;158;233;129;land;false;hills;1
627;154;250;206;land;false;mountain;1
628;211;232;211;land;false;mountain;1
629;244;238;26;land;false;hills;1
630;198;241;225;land;false;mountain;1
631;162;177;172;land;false;jungle;1
632;251;109;194;land;false;jungle;1
633;195;151;186;land;false;jungle;1
634;175;167;201;land;false;urban;1
635;142;243;180;land;false;forest;1
636;243;174;111;land;true;jungle;1
637;201;223;172;land;false;jungle;1
638;218;254;209;land;false;forest;1
639;105;211;214;land;false;jungle;1
640;252;141;158;land;false;forest;1
641;221;110;224;land;false;jungle;1
642;167;112;229;land;false;hills;1
643;252;229;62;land;false;forest;1
644;230;123;190;land;false;jungle;1
645;235;165;134;land;false;jungle;1
646;220;188;221;land;false;jungle;1
647;139;187;221;land;false;hills;1
648;187;167;157;land;false;hills;1
649;8;251;242;land;false;mountain;1
650;115;242;236;land;false;mountain;1
651;104;239;190;land;false;hills;1
652;173;196;194;land;false;mountain;1
653;237;250;149;land;false;hills;1
654;116;199;223;land;false;mountain;1
655;195;227;184;land;false;hills;1
656;180;250;99;land;true;jungle;1
657;192;120;198;land;false;hills;1
658;187;227;251;land;false;jungle;1
659;156;199;169;land;false;jungle;1
660;254;185;141;land;false;jungle;1
661;168;100;238;land;false;mountain;1
662;209;200;130;land;false;jungle;1
663;228;116;229;land;false;jungle;1
664;236;73;193;land;false;hills;1
665;248;160;95;land;false;hills;1
666;163;237;103;land;false;mountain;1
667;237;189;75;land;false;jungle;1
668;208;106;221;land;false;jungle;1
669;62;246;227;land;false;jungle;1
670;209;160;203;land;false;hills;1
671;228;213;190;land;false;jungle;1
672;167;193;168;land;true;mountain;1
673;134;146;224;land;false;jungle;1
674;105;248;171;land;false;jungle;1
675;175;137;247;land;false;jungle;1
676;181;80;252;land;false;jungle;1
677;250;200;156;land;false;jungle;1
678;150;234;150;land;false;hills;1
679;158;240;135;land;false;mountain;1
680;145;238;224;land;false;mountain;1
681;223;236;226;land;false;jungle;1
682;173;145;246;land;false;mountain;1
683;239;232;124;land;true;forest;1
684;244;141;216;land;false;hills;1
685;237;135;214;land;false;jungle;1
686;163;200;174;land;true;urban;1
687;110;227;217;land;false;jungle;1
688;142;254;160;land;false;urban;1
689;158;118;234;land;false;jungle;1
690;144;162;235;land;false;mountain;1
691;198;231;199;land;false;jungle;1
692;187;226;253;land;false;jungle;1
693;207;249;147;land;false;jungle;1
694;138;113;253;land;true;hills;1
695;237;72;238;land;false;hills;1
696;211;232;193;land;false;forest;1
697;229;189;182;land;false;mountain;1
698;212;240;171;land;false;jungle;1
699;52;227;229;land;false;mountain;1
700;233;85;214;land;false;forest;1
701;249;37;219;land;false;jungle;1
702;251;214;254;land;false;mountain;1
703;184;94;254;land;false;jungle;1
704;196;145;241;land;false;hills;1
705;148;178;253;land;true;jungle;1
706;251;198;181;land;false;jungle;1
707;244;153;223;land;false;mountain;1
708;239;37;248;land;false;jungle;1
709;230;143;214;land;false;jungle;1
710;252;222;51;land;false;jungle;1
711;231;132;227;land;false;jungle;1
712;183;71;253;land;false;hills;1
713;196;213;239;land;false;jungle;1
714;250;217;240;land;false;mountain;1
715;215;121;185;land;false;jungle;1
716;126;210;253;land;false;jungle;1
717;206;193;160;land;false;mountain;1
718;211;63;239;land;false;hills;1
719;177;229;146;land;false;urban;1
720;234;196;156;land;false;mountain;1
721;215;120;176;land;false;hills;1
722;228;243;73;land;false;mountain;1
723;205;71;228;land;false;urban;1
724;196;182;123;land;true;urban;1
725;234;176;102;land;false;jungle;1
726;99;201;230;land;false;jungle;1
727;206;123;251;land;false;jungle;1
728;237;228;158;land;false;mountain;1
729;227;163;239;land;false;hills;1
730;241;190;248;land;false;jungle;1
731;70;230;211;land;false;mountain;1
732;226;156;145;land;false;jungle;1
733;181;244;221;land;false;jungle;1
734;187;227;96;land;false;jungle;1
735;193;165;162;land;false;jungle;1
736;239;250;147;land;false;jungle;1
737;169;232;162;land;false;hills;1
738;147;249;119;land;false;mountain;1
739;172;235;206;land;false;urban;1
740;157;112;244;land;false;forest;1
741;207;192;151;land;false;mountain;1
742;215;228;91;land;false;forest;1
743;229;209;73;land;false;forest;1
744;190;220;216;land;false;mountain;1
745;101;190;238;land;false;hills;1
746;243;228;198;land;false;mountain;1
747;239;169;115;land;false;forest;1
748;233;249;23;land;true;urban;1
749;182;228;140;land;false;hills;1
750;193;209;206;land;false;jungle;1
751;243;203;219;land;false;mountain;1
752;121;240;202;land;false;jungle;1
753;185;210;145;land;true;mountain;1
754;226;211;241;land;false;mountain;1
755;205;112;242;land;false;forest;1
756;217;162;239;land;true;mountain;1
757;223;74;246;land;false;mountain;1
758;237;153;134;land;false;forest;1
759;235;219;54;land;false;jungle;1
760;206;254;197;land;false;hills;1
761;200;211;152;land;false;jungle;1
762;236;58;225;land;false;jungle;1
763;232;251;90;land;true;jungle;1
764;151;158;228;land;false;jungle;1
765;228;241;86;land;false;mountain;1
766;240;133;213;land;true;mountain;1
767;162;208;154;land;false;mountain;1
768;236;231;240;land;false;jungle;1
769;112;241;252;land;false;jungle;1
770;194;225;236;land;false;hills;1
771;202;206;193;land;false;mountain;1
772;235;79;232;land;false;hills;1
773;153;169;191;land;false;mountain;1
774;179;249;146;land;false;mountain;1
775;146;209;245;land;true;urban;1
776;238;192;113;land;true;mountain;1
777;155;136;218;land;true;mountain;1
778;155;227;207;land;false;hills;1
779;166;218;211;land;false;jungle;1
780;249;171;105;land;false;hills;1
781;158;196;147;land;false;mountain;1
782;143;227;237;land;false;forest;1
783;226;118;170;land;false;mountain;1
784;228;223;143;land;false;hills;1
785;184;205;121;land;false;mountain;1
786;251;65;196;land;false;mountain;1
787;254;182;147;land;false;mountain;1
788;61;252;249;land;false;hills;1
789;179;223;99;land;false;forest;1
790;71;233;248;land;false;jungle;1
791;183;250;83;land;false;hills;1
792;230;218;234;land;false;jungle;1
793;159;155;222;land;false;mountain;1
794;234;218;61;land;false;jungle;1
795;61;230;252;land;false;jungle;1
796;244;245;109;land;false;urban;1
797;225;196;84;land;true;jungle;1
798;182;103;252;land;false;jungle;1
799;234;198;166;land;false;mountain;1
800;219;111;198;land;true;jungle;1
801;228;33;247;land;true;jungle;1
802;96;197;222;land;false;jungle;1
803;166;146;232;land;false;mountain;1
804;202;230;138;land;false;jungle;1
805;191;218;104;land;false;hills;1
806;150;229;124;land;false;jungle;1
807;65;190;246;land;false;jungle;1
808;77;228;227;land;false;mountain;1
809;211;155;200;land;false;hills;1
810;229;187;132;land;false;jungle;1
811;189;178;142;land;false;forest;1
812;151;231;129;land;true;jungle;1
813;189;107;205;land;false;hills;1
814;133;214;211;land;false;hills;1
815;125;239;240;land;false;forest;1
816;184;206;161;land;false;hills;1
817;237;67;235;land;false;mountain;1
818;157;227;140;land;false;jungle;1
819;202;151;204;land;false;jungle;1
820;224;219;186;land;false;forest;1
821;249;148;146;land;false;hills;1
822;180;230;137;land;false;jungle;1
823;149;192;253;land;false;jungle;1
824;132;185;200;land;false;mountain;1
825;176;153;221;land;false;mountain;1
826;211;195;235;land;false;hills;1
827;245;158;185;land;false;hills;1
828;201;193;244;land;false;jungle;1
829;230;252;70;land;false;mountain;1
830;218;220;213;land;false;mountain;1
831;212;55;250;land;false;mountain;1
832;203;209;227;land;false;mountain;1
833;183;244;221;land;false;jungle;1
834;182;241;194;land;false;hills;1
835;223;51;235;land;true;jungle;1
836;252;203;140;land;false;jungle;1
837;93;215;193;land;false;forest;1
838;240;236;197;land;false;jungle;1
839;94;226;242;land;false;jungle;1
840;70;183;248;land;false;jungle;1
841;247;165;226;land;true;hills;1
842;177;233;130;land;false;hills;1
843;231;198;166;land;false;jungle;1
844;237;216;60;land;false;mountain;1
845;249;196;110;land;false;hills;1
846;247;212;45;land;false;mountain;1
847;227;215;133;land;true;jungle;1
848;193;178;183;land;false;hills;1
849;157;251;178;land;false;jungle;1
850;254;222;76;land;false;forest;1
851;186;113;235;land;false;urban;1
852;168;169;181;land;true;jungle;1
853;167;197;207;land;false;hills;1
854;196;71;241;land;false;forest;1
855;206;245;235;land;false;hills;1
856;220;188;195;land;true;jungle;1
857;244;107;210;land;true;hills;1
858;243;234;201;land;false;jungle;1
859;116;227;237;land;false;jungle;1
860;221;189;95;land;false;mountain;1
861;172;241;169;land;false;jungle;1
862;217;134;226;land;false;mountain;1
863;234;163;169;land;true;hills;1
864;130;200;250;land;false;jungle;1
865;177;220;236;land;false;jungle;1
866;186;106;213;land;false;jungle;1
867;168;179;223;land;false;jungle;1
868;158;114;243;land;false;forest;1
869;197;165;174;land;false;hills;1
870;207;251;135;land;false;hills;1
871;239;137;200;land;false;jungle;1
872;204;83;227;land;false;jungle;1
873;179;111;215;land;false;jungle;1
874;120;238;220;land;false;forest;1
875;133;242;240;land;false;jungle;1
876;202;216;253;land;false;jungle;1
877;230;159;193;land;false;forest;1
878;234;236;149;land;false;jungle;1
879;213;140;161;land;false;jungle;1
880;127;215;193;land;false;hills;1
881;221;118;168;land;false;jungle;1
882;209;253;228;land;false;forest;1
883;203;186;121;land;false;jungle;1
884;192;184;220;land;false;hills;1
885;168;188;154;land;false;jungle;1
886;243;193;204;land;true;jungle;1
887;242;118;198;land;false;hills;1
888;243;141;233;land;true;forest;1
889;225;133;221;land;false;mountain;1
890;182;224;183;land;false;jungle;1
891;212;193;147;land;false;jungle;1
892;140;209;218;land;false;hills;1
893;245;163;121;land;false;jungle;1
894;83;234;209;land;true;jungle;1
895;162;238;217;land;false;jungle;1
896;243;223;147;land;false;jungle;1
897;143;239;245;land;false;hills;1
898;162;244;195;land;false;jungle;1
899;202;246;142;land;true;hills;1
900;238;235;73;land;false;mountain;1
901;193;74;246;land;false;jungle;1
902;210;245;133;land;false;mountain;1
903;204;109;234;land;false;hills;1
904;206;205;234;land;false;mountain;1
905;235;104;244;land;false;jungle;1
906;216;225;78;land;true;mountain;1
907;244;224;57;land;false;jungle;1
908;210;173;132;land;false;jungle;1
909;192;206;134;land;true;jungle;1
910;216;235;78;land;false;forest;1
911;249;138;161;land;false;hills;1
912;131;239;169;land;false;forest;1
913;211;140;166;land;false;hills;1
914;250;252;78;land;false;forest;1
915;244;230;71;land;false;hills;1
916;216;249;227;land;false;jungle;1
917;192;147;200;land;true;jungle;1
918;192;225;169;land;false;hills;1
919;229;250;192;land;false;jungle;1
920;125;249;133;land;false;hills;1
921;227;209;222;land;false;jungle;1
922;245;171;118;land;true;hills;1
923;251;237;166;land;false;hills;1
924;126;139;251;land;false;mountain;1
925;202;184;245;land;false;hills;1
926;216;191;156;land;false;jungle;1
927;87;177;253;land;true;jungle;1
928;214;167;223;land;false;hills;1
929;120;223;202;land;false;jungle;1
930;234;234;232;land;false;jungle;1
931;138;195;217;land;false;forest;1
932;235;224;81;land;false;hills;1
933;246;253;45;land;false;jungle;1
934;239;170;132;land;false;urban;1
935;139;227;199;land;false;mountain;1
936;236;219;81;land;false;mountain;1
937;243;81;215;land;false;jungle;1
938;136;114;251;land;false;mountain;1
939;125;252;191;land;true;jungle;1
940;132;194;193;land;false;jungle;1
941;135;242;138;land;false;jungle;1
942;188;221;118;land;false;hills;1
943;207;144;243;land;false;hills;1
944;150;190;218;land;true;hills;1
945;124;152;235;land;false;jungle;1
946;237;233;112;land;false;jungle;1
947;220;90;209;land;false;jungle;1
948;183;230;201;land;false;hills;1
949;126;249;195;land;false;mountain;1
950;227;221;121;land;false;hills;1
951;137;234;216;land;false;mountain;1
952;122;210;226;land;false;hills;1
953;247;111;187;land;false;hills;1
954;192;239;110;land;false;jungle;1
955;232;233;41;land;false;jungle;1
956;124;195;243;land;false;mountain;1
957;242;152;211;land;false;jungle;1
958;253;182;132;land;false;urban;1
959;224;235;57;land;false;jungle;1
960;208;171;173;land;false;forest;1
961;214;174;233;land;false;jungle;1
962;170;160;205;land;false;jungle;1
963;138;242;162;land;false;hills;1
964;230;227;103;land;false;jungle;1
965;230;113;184;land;false;jungle;1
966;250;156;213;land;false;jungle;1
967;174;178;161;land;false;jungle;1
968;53;225;254;land;true;urban;1
969;191;163;163;land;false;mountain;1
970;132;245;148;land;true;hills;1
971;189;174;179;land;false;jungle;1
972;227;84;202;land;false;hills;1
973;181;125;203;land;false;jungle;1
974;204;120;248;land;false;jungle;1
975;195;220;190;land;false;jungle;1
976;225;204;114;land;false;hills;1
977;170;176;161;land;false;jungle;1
978;236;243;211;land;false;jungle;1
979;113;225;217;land;false;mountain;1
980;198;206;190;land;false;mountain;1
981;202;252;95;land;false;jungle;1
982;220;186;183;land;false;hills;1
983;250;235;106;land;false;forest;1
984;242;171;249;land;false;forest;1
985;216;236;190;land;false;forest;1
986;174;157;241;land;false;forest;1
987;200;197;177;land;true;forest;1
988;181;216;194;land;false;jungle;1
989;163;210;205;land;false;mountain;1
990;244;91;168;land;false;jungle;1
991;136;232;253;land;false;jungle;1
992;231;191;213;land;true;jungle;1
993;218;151;239;land;false;mountain;1
994;92;211;242;land;true;jungle;1
995;214;103;207;land;false;hills;1
996;102;238;243;land;false;jungle;1
997;234;237;229;land;false;mountain;1
998;192;211;158;land;true;hills;1
999;133;241;213;land;false;jungle;1
1000;228;91;249;land;false;jungle;1
1001;148;133;247;land;false;jungle;1
1002;138;253;157;land;false;jungle;1
1003;182;133;190;land;false;jungle;1
1004;167;229;217;land;false;urban;1
1005;124;215;222;land;false;mountain;1
1006;158;190;227;land;false;hills;1
1007;207;202;211;land;false;hills;1
1008;204;242;158;land;false;jungle;1
1009;232;134;143;land;false;jungle;1
1010;212;111;196;land;false;mountain;1
1011;222;215;116;land;false;mountain;1
1012;113;143;254;land;false;mountain;1
1013;119;245;143;land;false;mountain;1
1014;236;123;165;land;false;mountain;1
1015;254;239;32;land;false;jungle;1
1016;213;143;175;land;false;jungle;1
1017;254;100;212;land;false;mountain;1
1018;210;199;144;land;false;jungle;1
1019;250;48;244;land;false;jungle;1
1020;248;226;81;land;true;jungle;1
1021;161;166;174;land;false;jungle;1
1022;156;190;201;land;true;jungle;1
1023;145;226;216;land;false;forest;1
1024;252;162;164;land;true;forest;1
1025;251;214;90;land;false;hills;1
1026;161;223;180;land;false;jungle;1
1027;223;240;213;land;false;jungle;1
1028;183;195;216;land;false;forest;1
1029;183;218;149;land;false;jungle;1
1030;247;222;198;land;false;mountain;1
1031;188;170;194;land;false;mountain;1
1032;149;189;234;land;false;jungle;1
1033;249;139;219;land;false;hills;1
1034;249;216;133;land;false;jungle;1
1035;177;157;232;land;false;jungle;1
1036;227;189;104;land;true;jungle;1
1037;210;215;185;land;false;mountain;1
1038;132;232;230;land;false;mountain;1
1039;228;223;134;land;false;jungle;1
1040;235;167;207;land;false;jungle;1
1041;189;149;179;land;false;forest;1
1042;230;236;128;land;false;hills;1
1043;187;129;188;land;false;mountain;1
1044;224;77;241;land;false;hills;1
1045;155;188;171;land;false;mountain;1
1046;83;227;205;land;false;jungle;1
1047;224;184;207;land;false;hills;1
1048;193;162;191;land;false;hills;1
1049;234;106;177;land;false;jungle;1
1050;124;235;187;land;false;jungle;1
1051;196;165;235;land;true;hills;1
1052;170;158;248;land;false;hills;1
1053;162;159;225;land;false;jungle;1
1054;177;154;201;land;false;urban;1
1055;224;151;187;land;true;jungle;1
1056;126;208;240;land;false;jungle;1
1057;254;172;249;land;false;jungle;1
1058;253;190;169;land;false;jungle;1
1059;136;230;145;land;false;mountain;1
1060;200;160;159;land;false;forest;1
1061;177;228;237;land;true;jungle;1
1062;245;226;201;land;true;hills;1
1063;184;195;134;land;false;jungle;1
1064;241;184;218;land;false;mountain;1
1065;240;194;235;land;false;jungle;1
1066;213;132;159;land;false;mountain;1
1067;29;251;244;land;false;jungle;1
1068;208;206;159;land;false;mountain;1
1069;219;204;125;land;false;hills;1
1070;254;191;88;land;false;mountain;1
1071;200;142;218;land;false;jungle;1
1072;194;193;153;land;false;jungle;1
1073;150;230;226;land;true;mountain;1
1074;201;96;208;land;false;mountain;1
1075;179;170;208;land;false;hills;1
1076;87;224;242;land;false;forest;1
1077;203;132;248;land;false;jungle;1
1078;136;155;235;land;false;jungle;1
1079;204;171;141;land;false;mountain;1
1080;241;156;160;land;false;mountain;1
1081;203;250;209;land;false;jungle;1
1082;238;219;221;land;false;mountain;1
1083;231;226;70;land;false;jungle;1
1084;126;166;240;land;false;mountain;1
1085;160;138;232;land;false;mountain;1
1086;218;190;141;land;false;hills;1
1087;174;222;119;land;false;hills;1
1088;166;212;193;land;false;jungle;1
1089;244;240;190;land;false;mountain;1
1090;104;237;187;land;false;jungle;1
1091;168;209;177;land;false;jungle;1
1092;181;237;119;land;false;forest;1
1093;167;152;232;land;false;jungle;1
1094;190;88;253;land;false;jungle;1
1095;182;227;133;land;false;urban;1
1096;208;228;222;land;false;jungle;1
1097;234;172;137;land;false;jungle;1
1098;247;148;155;land;false;jungle;1
1099;247;198;183;land;false;jungle;1
1100;198;215;102;land;false;jungle;1
1101;147;249;143;land;false;jungle;1
1102;238;92;173;land;false;mountain;1
1103;71;241;191;land;false;jungle;1
1104;225;104;178;land;false;jungle;1
1105;215;200;93;land;false;urban;1
1106;142;207;243;land;false;hills;1
1107;139;205;209;land;false;mountain;1
1108;237;247;183;land;false;jungle;1
1109;157;202;148;land;false;hills;1
1110;214;158;238;land;false;jungle;1
1111;221;184;248;land;false;hills;1
1112;119;239;164;land;false;forest;1
1113;96;221;203;land;false;jungle;1
1114;142;245;133;land;false;mountain;1
1115;252;172;179;land;false;jungle;1
1116;202;169;191;land;false;forest;1
1117;150;145;234;land;false;jungle;1
1118;97;173;246;land;false;hills;1
1119;196;170;211;land;false;jungle;1
1120;161;178;210;land;false;forest;1
1121;153;219;152;land;false;forest;1
1122;189;145;250;land;true;urban;1
1123;219;221;231;land;false;jungle;1
1124;172;210;204;land;false;jungle;1
1125;124;250;145;land;false;urban;1
1126;242;143;145;land;false;hills;1
1127;152;211;248;land;false;jungle;1
1128;165;240;214;land;false;jungle;1
1129;229;164;134;land;false;mountain;1
1130;204;228;196;land;false;jungle;1
1131;95;250;164;land;true;jungle;1
1132;245;105;251;land;false;jungle;1
1133;128;185;224;land;false;jungle;1
1134;184;227;149;land;false;jungle;1
1135;64;251;187;land;false;forest;1
1136;169;230;193;land;false;jungle;1
1137;194;204;249;land;false;jungle;1
1138;69;248;252;land;false;forest;1
1139;226;97;245;land;false;mountain;1
1140;253;149;195;land;false;jungle;1
1141;189;110;210;land;false;mountain;1
1142;171;95;237;land;false;forest;1
1143;244;138;239;land;false;hills;1
1144;109;243;253;land;false;mountain;1
1145;229;164;109;land;false;jungle;1
1146;207;236;168;land;true;mountain;1
1147;231;178;195;land;true;jungle;1
1148;231;126;247;land;false;mountain;1
1149;213;158;173;land;false;hills;1
1150;176;120;239;land;false;jungle;1
1151;251;246;198;land;false;jungle;1
1152;174;229;187;land;false;jungle;1
1153;231;160;220;land;false;hills;1
1154;147;253;212;land;false;mountain;1
1155;215;98;207;land;false;hills;1
1156;206;227;225;land;false;jungle;1
1157;248;169;99;land;false;jungle;1
1158;190;238;180;land;false;jungle;1
1159;225;241;60;land;true;forest;1
1160;150;224;252;land;false;hills;1
1161;233;130;217;land;false;jungle;1
1162;151;169;243;land;false;forest;1
1163;242;144;160;land;false;forest;1
1164;229;215;143;land;false;hills;1
1165;161;122;251;land;false;jungle;1
1166;252;79;247;land;false;jungle;1
1167;216;240;60;land;false;jungle;1
1168;75;220;237;land;false;hills;1
1169;138;249;119;land;false;hills;1
1170;62;220;227;land;false;hills;1
1171;206;216;109;land;false;hills;1
1172;250;204;96;land;false;jungle;1
1173;195;215;119;land;false;jungle;1
1174;188;166;152;land;false;jungle;1
1175;219;44;250;land;false;jungle;1
1176;198;104;208;land;true;jungle;1
1177;123;202;191;land;false;jungle;1
1178;99;217;193;land;false;jungle;1
1179;134;232;203;land;false;jungle;1
1180;195;247;191;land;false;jungle;1
1181;208;233;200;land;false;jungle;1
1182;68;247;225;land;false;urban;1
1183;230;211;106;land;false;mountain;1
1184;224;195;160;land;false;mountain;1
1185;153;250;154;land;true;jungle;1
1186;137;232;202;land;false;jungle;1
1187;253;112;186;land;false;jungle;1
1188;227;39;254;land;false;jungle;1
1189;172;189;146;land;false;mountain;1
1190;191;239;200;land;false;jungle;1
1191;217;117;175;land;false;jungle;1
1192;213;244;81;land;false;urban;1
1193;203;246;249;land;false;mountain;1
1194;250;107;196;land;false;mountain;1
1195;155;235;231;land;false;mountain;1
1196;129;205;221;land;false;jungle;1
1197;238;148;170;land;false;mountain;1
1198;182;137;241;land;false;mountain;1
1199;183;140;197;land;false;mountain;1
1200;237;140;219;land;false;mountain;1
1201;227;157;166;land;false;mountain;1
1202;225;227;240;land;false;jungle;1
1203;178;157;180;land;false;hills;1
1204;248;133;174;land;false;mountain;1
1205;247;138;149;land;false;hills;1
1206;204;242;77;land;false;hills;1
1207;200;254;115;land;false;hills;1
1208;161;206;194;land;false;jungle;1
1209;221;198;94;land;false;hills;1
1210;143;184;182;land;false;mountain;1
1211;183;181;176;land;false;mountain;1
1212;213;107;182;land;false;hills;1
1213;178;224;245;land;false;hills;1
1214;167;187;233;land;true;hills;1
1215;173;120;215;land;false;hills;1
1216;205;231;200;land;false;hills;1
1217;245;140;168;land;false;hills;1
1218;186;180;216;land;false;jungle;1
1219;123;217;207;land;false;mountain;1
1220;240;170;102;land;false;mountain;1
1221;242;117;199;land;false;mountain;1
1222;177;199;236;land;false;hills;1
1223;232;144;239;land;false;mountain;1
1224;129;151;230;land;false;hills;1
1225;244;239;143;land;false;mountain;1
1226;211;151;145;land;false;hills;1
1227;235;166;195;land;false;mountain;1
1228;249;254;90;land;false;mountain;1
1229;201;242;243;land;false;mountain;1
1230;190;231;134;land;false;mountain;1
1231;250;168;110;land;false;hills;1
1232;228;96;185;land;false;hills;1
1233;225;203;170;land;false;mountain;1
1234;233;206;127;land;false;mountain;1
1235;25;252;254;land;false;mountain;1
1236;202;153;219;land;false;mountain;1
1237;135;230;162;land;false;jungle;1
1238;132;133;243;land;false;mountain;1
1239;95;188;244;land;false;hills;1
1240;222;194;247;land;false;mountain;1
1241;199;183;182;land;false;hills;1
1242;76;232;248;land;false;jungle;1
1243;172;219;212;land;false;mountain;1
1244;182;244;229;land;false;mountain;1
1245;229;241;173;land;false;hills;1
1246;186;87;247;land;false;jungle;1
1247;159;137;237;land;false;mountain;1
1248;77;246;216;land;false;hills;1
1249;164;157;189;land;false;jungle;1
1250;223;179;243;land;false;hills;1
1251;237;165;231;land;false;hills;1
1252;168;217;119;land;false;jungle;1
1253;236;171;138;land;false;hills;1
1254;118;225;198;land;false;jungle;1
1255;252;199;143;land;false;jungle;1
1256;215;215;235;land;false;jungle;1
1257;104;166;241;land;false;hills;1
1258;249;163;157;land;false;hills;1
1259;218;171;202;land;false;hills;1
1260;244;223;47;land;false;hills;1
1261;208;187;187;land;false;jungle;1
1262;156;162;226;land;false;hills;1
1263;109;184;248;land;false;mountain;1
1264;172;150;240;land;false;hills;1
1265;162;185;178;land;false;jungle;1
1266;230;241;211;land;false;hills;1
1267;223;158;199;land;false;hills;1
1268;251;243;243;land;false;mountain;1
1269;140;165;203;land;false;mountain;1
1270;240;132;249;land;false;mountain;1
1271;91;254;174;land;false;jungle;1
1272;171;209;175;land;false;hills;1
1273;187;185;249;land;false;urban;1
1274;202;164;240;land;true;jungle;1
1275;254;130;188;land;false;hills;1
1276;242;45;248;land;false;mountain;1
1277;154;251;206;land;true;hills;1
1278;223;143;151;land;false;jungle;1
1279;156;246;118;land;false;mountain;1
1280;113;187;235;land;false;hills;1
1281;202;182;253;land;false;jungle;1
1282;196;198;246;land;false;mountain;1
1283;239;176;128;land;false;jungle;1
1284;192;239;236;land;false;mountain;1
1285;209;172;217;land;true;hills;1
1286;224;176;239;land;false;mountain;1
1287;160;102;254;land;false;jungle;1
1288;150;152;204;land;false;jungle;1
1289;230;53;223;land;false;jungle;1
1290;187;249;80;land;false;hills;1
1291;220;134;222;land;false;jungle;1
1292;199;250;57;land;false;jungle;1
1293;177;214;134;land;false;mountain;1
1294;185;203;242;land;false;jungle;1
1295;196;93;252;land;false;jungle;1
1296;220;148;202;land;false;jungle;1
1297;233;200;84;land;false;jungle;1
1298;245;71;229;land;false;mountain;1
1299;187;220;97;land;false;jungle;1
1300;174;250;101;land;false;hills;1
1301;107;185;214;land;false;jungle;1
1302;143;168;223;land;false;jungle;1
1303;179;178;224;land;false;forest;1
1304;153;142;222;land;false;jungle;1
1305;177;168;251;land;false;jungle;1
1306;94;254;158;land;false;jungle;1
1307;233;166;244;land;true;jungle;1
1308;150;140;229;land;false;jungle;1
1309;191;157;164;land;false;jungle;1
1310;245;183;92;land;false;jungle;1
1311;173;106;252;land;false;jungle;1
1312;203;233;204;land;false;forest;1
1313;207;114;215;land;false;forest;1
1314;163;204;191;land;false;forest;1
1315;250;19;237;land;false;forest;1
1316;246;224;176;land;false;forest;1
1317;119;232;158;land;false;jungle;1
1318;170;210;146;land;true;jungle;1
1319;179;249;162;land;true;jungle;1
1320;106;211;250;land;false;jungle;1
1321;125;181;204;land;false;forest;1
1322;169;238;235;land;false;jungle;1
1323;212;112;254;land;false;forest;1
1324;238;120;187;land;false;jungle;1
1325;233;155;176;land;false;forest;1
1326;233;148;134;land;false;jungle;1
1327;237;170;239;land;false;jungle;1
1328;222;161;218;land;false;jungle;1
1329;213;239;247;land;false;jungle;1
1330;166;113;230;land;false;jungle;1
1331;209;170;127;land;false;jungle;1
1332;210;206;237;land;false;forest;1
1333;216;234;125;land;false;forest;1
1334;232;219;238;land;false;jungle;1
1335;238;231;248;land;false;jungle;1
1336;167;138;253;land;false;forest;1
1337;211;252;180;land;false;jungle;1
1338;241;132;137;land;false;forest;1
1339;184;110;231;land;false;jungle;1
1340;82;212;228;land;false;jungle;1
1341;121;177;235;land;false;jungle;1
1342;227;98;235;land;false;forest;1
1343;108;221;200;land;true;forest;1
1344;167;214;230;land;false;forest;1
1345;28;246;234;land;false;forest;1
1346;236;128;203;land;false;jungle;1
1347;85;204;252;land;false;jungle;1
1348;159;174;196;land;false;jungle;1
1349;165;163;199;land;false;jungle;1
1350;240;191;155;land;false;jungle;1
1351;186;151;240;land;false;forest;1
1352;237;171;129;land;false;jungle;1
1353;206;233;63;land;false;forest;1
1354;148;226;168;land;false;jungle;1
1355;243;143;169;land;false;jungle;1
1356;123;219;161;land;false;jungle;1
1357;172;175;195;land;true;jungle;1
1358;247;240;196;land;false;jungle;1
1359;218;216;207;land;false;mountain;1
1360;149;125;228;land;false;jungle;1
1361;236;150;203;land;false;hills;1
1362;198;235;114;land;false;jungle;1
1363;250;200;249;land;false;jungle;1
1364;251;62;212;land;false;urban;1
1365;166;99;236;land;false;jungle;1
1366;171;167;214;land;false;jungle;1
1367;88;202;240;land;false;jungle;1
1368;192;159;152;land;true;plains;1
1369;230;154;202;land;false;forest;1
1370;239;111;181;land;true;jungle;1
1371;232;220;153;land;false;urban;1
1372;200;247;225;land;false;jungle;1
1373;67;240;235;land;true;jungle;1
1374;175;201;134;land;true;jungle;1
1375;173;251;186;land;false;jungle;1
1376;115;218;229;land;false;jungle;1
1377;254;189;106;land;true;forest;1
1378;189;91;249;land;false;jungle;1
1379;186;122;219;land;true;plains;1
1380;207;128;189;land;false;forest;1
1381;209;192;138;land;false;urban;1
1382;243;238;168;land;false;urban;1
1383;143;252;247;land;false;jungle;1
1384;241;199;253;land;true;jungle;1
1385;246;249;9;land;false;jungle;1
1386;5;246;251;land;true;urban;1
1387;224;86;208;land;true;jungle;1
1388;229;48;233;land;true;urban;1
1389;104;178;225;land;false;jungle;1
1390;205;234;71;land;true;jungle;1
1391;252;124;212;land;true;jungle;1
1392;41;247;235;land;true;urban;1
1393;118;235;191;land;true;forest;1
1394;113;188;215;land;true;urban;1
1395;210;233;143;land;true;jungle;1
1396;181;120;227;land;true;plains;1
1397;65;246;225;land;true;plains;1
1398;226;191;164;land;true;jungle;1
1399;211;192;188;land;true;plains;1
1400;13;13;46;sea;false;ocean;0
1401;2;48;11;sea;false;ocean;0
1402;30;40;16;sea;false;ocean;0
1403;31;0;34;sea;false;ocean;0
1404;29;44;12;sea;false;ocean;0
1405;43;8;39;sea;false;ocean;0
1406;20;29;10;sea;false;ocean;0
1407;39;8;46;sea;false;ocean;0
1408;5;22;16;sea;false;ocean;0
1409;16;64;14;sea;false;ocean;0
1410;31;42;22;sea;false;ocean;0
1411;27;18;38;sea;false;ocean;0
1412;12;51;32;sea;false;ocean;0
1413;13;31;9;sea;false;ocean;0
1414;41;5;10;sea;false;ocean;0
1415;15;27;8;sea;false;ocean;0
1416;46;18;16;sea;false;ocean;0
1417;0;48;47;sea;false;ocean;0
1418;0;54;23;sea;false;ocean;0
1419;0;19;54;sea;false;ocean;0
1420;0;67;32;sea;false;ocean;0
1421;36;30;33;sea;false;ocean;0
1422;7;16;75;sea;false;ocean;0
1423;48;1;42;sea;false;ocean;0
1424;12;0;14;sea;false;ocean;0
1425;59;8;12;sea;false;ocean;0
1426;3;49;29;sea;false;ocean;0
1427;32;43;2;sea;false;ocean;0
1428;2;56;13;sea;false;ocean;0
1429;33;37;27;sea;false;ocean;0
1430;41;19;3;sea;false;ocean;0
1431;25;35;14;sea;false;ocean;0
1432;33;17;11;sea;false;ocean;0
1433;7;5;6;sea;false;ocean;0
1434;49;21;26;sea;false;ocean;0
1435;66;25;3;sea;false;ocean;0
1436;4;11;39;sea;false;ocean;0
1437;58;11;19;sea;false;ocean;0
1438;60;16;20;sea;false;ocean;0
1439;45;6;16;sea;false;ocean;0
1440;35;7;18;sea;false;ocean;0
1441;11;2;36;sea;false;ocean;0
1442;41;10;47;sea;false;ocean;0
1443;5;4;87;sea;false;ocean;0
1444;31;40;10;sea;false;ocean;0
1445;6;34;56;sea;false;ocean;0
1446;9;5;2;sea;true;ocean;0
1447;64;19;1;sea;false;ocean;0
1448;25;31;2;sea;false;ocean;0
1449;15;45;8;sea;false;ocean;0
1450;10;9;30;sea;false;ocean;0
1451;24;8;44;sea;false;ocean;0
1452;49;10;33;sea;false;ocean;0
1453;6;29;60;sea;false;ocean;0
1454;23;55;19;sea;false;ocean;0
1455;38;13;29;sea;false;ocean;0
1456;26;6;49;sea;false;ocean;0
1457;51;4;4;sea;false;ocean;0
1458;4;10;4;sea;false;ocean;0
1459;18;10;51;sea;false;ocean;0
1460;36;0;35;sea;false;ocean;0
1461;13;7;58;sea;false;ocean;0
1462;45;16;7;sea;false;ocean;0
1463;9;33;34;sea;false;ocean;0
1464;30;9;45;sea;false;ocean;0
1465;8;67;23;sea;true;ocean;0
1466;11;41;5;sea;false;ocean;0
1467;21;17;53;sea;false;ocean;0
1468;55;17;14;sea;false;ocean;0
1469;51;2;7;sea;false;ocean;0
1470;29;53;0;sea;false;ocean;0
1471;18;53;22;sea;false;ocean;0
1472;9;31;30;sea;false;ocean;0
1473;27;41;7;sea;false;ocean;0
1474;18;21;43;sea;false;ocean;0
1475;12;2;5;sea;false;ocean;0
1476;1;26;68;sea;false;ocean;0
1477;55;5;8;sea;false;ocean;0
1478;37;34;16;sea;false;ocean;0
1479;26;11;36;sea;false;ocean;0
1480;23;4;49;sea;false;ocean;0
1481;70;0;22;sea;false;ocean;0
1482;62;28;2;sea;false;ocean;0
1483;9;15;59;sea;false;ocean;0
1484;37;29;32;sea;false;ocean;0
1485;8;21;7;sea;false;ocean;0
1486;15;0;49;sea;false;ocean;0
1487;1;81;10;sea;false;ocean;0
1488;19;61;14;sea;false;ocean;0
1489;3;10;3;sea;false;ocean;0
1490;34;1;22;sea;false;ocean;0
1491;28;49;15;sea;false;ocean;0
1492;32;0;52;sea;true;ocean;0
1493;3;24;52;sea;false;ocean;0
1494;37;14;3;sea;false;ocean;0
1495;14;31;28;sea;false;ocean;0
1496;4;49;46;sea;false;ocean;0
1497;8;18;41;sea;false;ocean;0
1498;40;7;37;sea;false;ocean;0
1499;50;2;25;sea;false;ocean;0
1500;60;19;2;sea;false;ocean;0
1501;54;17;17;sea;false;ocean;0
1502;61;9;28;sea;false;ocean;0
1503;20;6;32;sea;true;ocean;0
1504;13;66;3;sea;false;ocean;0
1505;54;18;22;sea;true;ocean;0
1506;2;6;75;sea;true;ocean;0
1507;9;21;23;sea;false;ocean;0
1508;2;20;63;sea;false;ocean;0
1509;44;30;18;sea;false;ocean;0
1510;51;1;37;sea;false;ocean;0
1511;52;17;8;sea;false;ocean;0
1512;56;3;35;sea;false;ocean;0
1513;19;43;0;sea;false;ocean;0
1514;26;7;13;sea;false;ocean;0
1515;37;7;10;sea;true;ocean;0
1516;22;26;37;sea;false;ocean;0
1517;10;61;11;sea;false;ocean;0
1518;20;25;9;sea;false;ocean;0
1519;18;18;42;sea;false;ocean;0
1520;15;27;22;sea;false;ocean;0
1521;14;41;26;sea;false;ocean;0
1522;5;21;36;sea;true;ocean;0
1523;10;62;3;sea;false;ocean;0
1524;8;43;21;sea;false;ocean;0
1525;52;39;0;sea;false;ocean;0
1526;86;12;0;sea;false;ocean;0
1527;9;34;52;sea;false;ocean;0
1528;0;88;11;sea;false;ocean;0
1529;20;39;20;sea;false;ocean;0
1530;19;15;31;sea;false;ocean;0
1531;9;8;2;sea;false;ocean;0
1532;50;18;8;sea;false;ocean;0
1533;43;15;14;sea;false;ocean;0
1534;43;4;13;sea;false;ocean;0
1535;47;50;1;sea;true;ocean;0
1536;50;28;17;sea;false;ocean;0
1537;12;43;1;sea;false;ocean;0
1538;61;8;18;sea;false;ocean;0
1539;12;24;42;sea;false;ocean;0
1540;15;23;52;sea;false;ocean;0
1541;0;44;19;sea;false;ocean;0
1542;10;9;66;sea;false;ocean;0
1543;31;14;32;sea;false;ocean;0
1544;21;59;5;sea;true;ocean;0
1545;9;29;12;sea;false;ocean;0
1546;15;73;11;sea;false;ocean;0
1547;45;15;4;sea;false;ocean;0
1548;4;1;61;sea;false;ocean;0
1549;27;17;55;sea;false;ocean;0
1550;14;23;37;sea;false;ocean;0
1551;21;4;68;sea;false;ocean;0
1552;72;20;0;sea;false;ocean;0
1553;17;17;56;sea;false;ocean;0
1554;41;31;4;sea;false;ocean;0
1555;20;41;3;sea;false;ocean;0
1556;5;11;22;sea;false;ocean;0
1557;3;18;32;sea;false;ocean;0
1558;35;16;46;sea;false;ocean;0
1559;7;57;16;sea;true;ocean;0
1560;32;23;0;sea;false;ocean;0
1561;23;1;28;sea;false;ocean;0
1562;20;0;27;sea;false;ocean;0
1563;21;27;16;sea;false;ocean;0
1564;22;16;2;sea;false;ocean;0
1565;1;1;68;sea;false;ocean;0
1566;45;13;26;sea;false;ocean;0
1567;30;26;29;sea;false;ocean;0
1568;27;39;11;sea;false;ocean;0
1569;0;34;63;sea;false;ocean;0
1570;85;2;0;sea;false;ocean;0
1571;51;22;18;sea;false;ocean;0
1572;12;4;74;sea;false;ocean;0
1573;20;44;27;sea;true;ocean;0
1574;39;10;17;sea;false;ocean;0
1575;1;13;69;sea;false;ocean;0
1576;1;6;14;sea;false;ocean;0
1577;3;19;48;sea;false;ocean;0
1578;35;0;10;sea;false;ocean;0
1579;9;11;58;sea;false;ocean;0
1580;41;40;16;sea;false;ocean;0
1581;41;0;18;sea;false;ocean;0
1582;25;1;23;sea;false;ocean;0
1583;41;3;21;sea;false;ocean;0
1584;23;47;17;sea;false;ocean;0
1585;37;22;15;sea;false;ocean;0
1586;1;73;0;sea;false;ocean;0
1587;15;7;55;sea;false;ocean;0
1588;37;7;0;sea;false;ocean;0
1589;30;8;51;sea;false;ocean;0
1590;50;17;2;sea;false;ocean;0
1591;14;39;4;sea;true;ocean;0
1592;6;42;48;sea;false;ocean;0
1593;11;23;55;sea;false;ocean;0
1594;10;54;20;sea;false;ocean;0
1595;20;59;5;sea;false;ocean;0
1596;41;1;42;sea;false;ocean;0
1597;23;37;12;sea;false;ocean;0
1598;73;4;1;sea;false;ocean;0
1599;5;11;11;sea;false;ocean;0
1600;20;22;31;sea;false;ocean;0
1601;23;34;7;sea;false;ocean;0
1602;53;19;6;sea;false;ocean;0
1603;44;9;29;sea;false;ocean;0
1604;12;30;37;sea;false;ocean;0
1605;6;25;11;sea;false;ocean;0
1606;12;17;20;sea;false;ocean;0
1607;39;40;13;sea;false;ocean;0
1608;73;7;3;sea;false;ocean;0
1609;3;3;6;sea;true;ocean;0
1610;3;2;93;sea;false;ocean;0
1611;42;5;2;sea;false;ocean;0
1612;38;41;16;sea;false;ocean;0
1613;13;38;23;sea;false;ocean;0
1614;0;71;15;sea;false;ocean;0
1615;32;13;3;sea;false;ocean;0
1616;10;75;14;sea;false;ocean;0
1617;12;29;15;sea;false;ocean;0
1618;24;28;29;sea;false;ocean;0
1619;56;3;4;sea;false;ocean;0
1620;48;22;26;sea;false;ocean;0
1621;1;20;69;sea;false;ocean;0
1622;2;46;38;sea;false;ocean;0
1623;3;70;2;sea;false;ocean;0
1624;10;13;5;sea;false;ocean;0
1625;23;21;24;sea;false;ocean;0
1626;63;7;26;sea;false;ocean;0
1627;44;18;37;sea;false;ocean;0
1628;28;45;25;sea;false;ocean;0
1629;2;4;78;sea;false;ocean;0
1630;4;14;41;sea;false;ocean;0
1631;46;15;6;sea;false;ocean;0
1632;62;14;2;sea;true;ocean;0
1633;19;2;5;sea;false;ocean;0
1634;23;31;25;sea;true;ocean;0
1635;45;18;0;sea;false;ocean;0
1636;10;60;0;sea;false;ocean;0
1637;21;0;37;sea;false;ocean;0
1638;76;5;1;sea;true;ocean;0
1639;23;33;0;sea;false;ocean;0
1640;31;59;6;sea;false;ocean;0
1641;46;27;12;sea;false;ocean;0
1642;53;22;16;sea;false;ocean;0
1643;33;0;23;sea;false;ocean;0
1644;39;8;30;sea;false;ocean;0
1645;16;3;35;sea;false;ocean;0
1646;25;21;38;sea;false;ocean;0
1647;13;66;2;sea;false;ocean;0
1648;12;43;15;sea;false;ocean;0
1649;15;44;30;sea;false;ocean;0
1650;11;2;15;sea;false;ocean;0
1651;8;21;5;sea;false;ocean;0
1652;9;14;60;sea;false;ocean;0
1653;37;38;16;sea;false;ocean;0
1654;7;18;58;sea;true;ocean;0
1655;6;18;31;sea;false;ocean;0
1656;14;27;42;sea;true;ocean;0
1657;2;13;60;sea;false;ocean;0
1658;10;7;64;sea;false;ocean;0
1659;16;22;23;sea;false;ocean;0
1660;16;26;51;sea;false;ocean;0
1661;46;2;1;sea;false;ocean;0
1662;26;52;14;sea;true;ocean;0
1663;17;48;2;sea;false;ocean;0
1664;0;38;38;sea;false;ocean;0
1665;59;22;11;sea;false;ocean;0
1666;32;2;23;sea;false;ocean;0
1667;1;15;81;sea;false;ocean;0
1668;14;55;11;sea;false;ocean;0
1669;22;38;1;sea;false;ocean;0
1670;3;46;27;sea;false;ocean;0
1671;27;29;5;sea;false;ocean;0
1672;8;1;6;sea;false;ocean;0
1673;7;5;7;sea;false;ocean;0
1674;4;5;60;sea;false;ocean;0
1675;34;8;28;sea;false;ocean;0
1676;10;45;12;sea;false;ocean;0
1677;28;11;56;sea;false;ocean;0
1678;4;48;9;sea;false;ocean;0
1679;8;71;13;sea;false;ocean;0
1680;8;23;63;sea;false;ocean;0
1681;25;12;34;sea;false;ocean;0
1682;58;4;12;sea;false;ocean;0
1683;2;52;17;sea;false;ocean;0
1684;59;13;17;sea;false;ocean;0
1685;16;36;43;sea;false;ocean;0
1686;4;9;2;sea;false;ocean;0
1687;62;12;2;sea;false;ocean;0
1688;15;71;8;sea;false;ocean;0
1689;23;13;55;sea;false;ocean;0
1690;8;42;29;sea;false;ocean;0
1691;19;11;51;sea;false;ocean;0
1692;14;20;25;sea;true;ocean;0
1693;44;25;18;sea;false;ocean;0
1694;1;79;2;sea;false;ocean;0
1695;14;50;35;sea;false;ocean;0
1696;0;23;57;sea;false;ocean;0
1697;29;2;47;sea;false;ocean;0
1698;1;7;12;sea;false;ocean;0
1699;38;17;18;sea;false;ocean;0
1700;37;14;13;sea;false;ocean;0
1701;38;30;28;sea;true;ocean;0
1702;58;5;16;sea;false;ocean;0
1703;11;28;38;sea;false;ocean;0
1704;41;29;17;sea;true;ocean;0
1705;15;52;13;sea;true;ocean;0
1706;6;21;22;sea;false;ocean;0
1707;16;29;31;sea;false;ocean;0
1708;18;33;24;sea;true;ocean;0
1709;60;33;4;sea;false;ocean;0
1710;21;4;6;sea;false;ocean;0
1711;44;0;13;sea;false;ocean;0
1712;80;1;10;sea;false;ocean;0
1713;40;27;2;sea;false;ocean;0
1714;5;8;34;sea;false;ocean;0
1715;20;10;19;sea;false;ocean;0
1716;88;1;5;sea;false;ocean;0
1717;34;14;13;sea;false;ocean;0
1718;18;8;34;sea;true;ocean;0
1719;47;32;13;sea;false;ocean;0
1720;31;41;1;sea;false;ocean;0
1721;12;7;63;sea;false;ocean;0
1722;31;15;32;sea;true;ocean;0
1723;16;4;5;sea;false;ocean;0
1724;7;45;27;sea;false;ocean;0
1725;18;28;20;sea;false;ocean;0
1726;18;54;18;sea;false;ocean;0
1727;14;48;24;sea;false;ocean;0
1728;3;23;25;sea;false;ocean;0
1729;31;18;10;sea;false;ocean;0
1730;15;14;23;sea;false;ocean;0
1731;18;11;68;sea;false;ocean;0
1732;11;1;33;sea;false;ocean;0
1733;57;21;13;sea;false;ocean;0
1734;5;15;67;sea;false;ocean;0
1735;15;30;35;sea;true;ocean;0
1736;17;0;33;sea;true;ocean;0
1737;5;55;7;sea;false;ocean;0
1738;0;50;15;sea;false;ocean;0
1739;8;23;59;sea;false;ocean;0
1740;21;24;19;sea;false;ocean;0
1741;42;6;16;sea;false;ocean;0
1742;33;30;15;sea;true;ocean;0
1743;13;33;47;sea;false;ocean;0
1744;52;7;11;sea;false;ocean;0
1745;12;65;12;sea;false;ocean;0
1746;25;16;0;sea;false;ocean;0
1747;2;6;59;sea;false;ocean;0
1748;8;24;41;sea;false;ocean;0
1749;4;0;56;sea;false;ocean;0
1750;4;6;78;sea;false;ocean;0
1751;10;62;22;sea;false;ocean;0
1752;23;40;31;sea;false;ocean;0
1753;0;14;66;sea;false;ocean;0
1754;22;16;24;sea;true;ocean;0
1755;11;69;19;sea;false;ocean;0
1756;13;59;21;sea;false;ocean;0
1757;6;42;32;sea;false;ocean;0
1758;13;43;15;sea;false;ocean;0
1759;5;6;2;sea;false;ocean;0
1760;3;24;25;sea;false;ocean;0
1761;2;8;35;sea;false;ocean;0
1762;10;11;30;sea;true;ocean;0
1763;20;78;1;sea;false;ocean;0
1764;12;43;36;sea;false;ocean;0
1765;1;58;26;sea;false;ocean;0
1766;46;3;37;sea;false;ocean;0
1767;67;27;3;sea;false;ocean;0
1768;66;3;22;sea;false;ocean;0
1769;68;14;7;sea;false;ocean;0
1770;71;14;5;sea;false;ocean;0
1771;48;17;3;sea;false;ocean;0
1772;16;34;37;sea;false;ocean;0
1773;37;9;35;sea;false;ocean;0
1774;79;4;3;sea;false;ocean;0
1775;4;50;33;sea;true;ocean;0
1776;2;72;25;sea;false;ocean;0
1777;11;47;41;sea;false;ocean;0
1778;23;17;42;sea;false;ocean;0
1779;62;3;4;sea;false;ocean;0
1780;7;55;18;sea;false;ocean;0
1781;16;4;13;sea;false;ocean;0
1782;8;13;75;sea;true;ocean;0
1783;12;10;17;sea;false;ocean;0
1784;59;8;25;sea;false;ocean;0
1785;56;14;11;sea;false;ocean;0
1786;29;18;23;sea;true;ocean;0
1787;19;37;16;sea;false;ocean;0
1788;18;8;9;sea;false;ocean;0
1789;49;19;17;sea;false;ocean;0
1790;18;20;29;sea;false;ocean;0
1791;47;3;2;sea;true;ocean;0
1792;22;3;62;sea;false;ocean;0
1793;31;17;13;sea;false;ocean;0
1794;39;28;10;sea;false;ocean;0
1795;13;34;38;sea;false;ocean;0
1796;31;14;36;sea;true;ocean;0
1797;66;7;24;sea;false;ocean;0
1798;35;1;27;sea;false;ocean;0
1799;30;18;33;sea;false;ocean;0
1800;40;24;17;sea;false;ocean;0
1801;33;9;55;sea;false;ocean;0
1802;16;54;28;sea;false;ocean;0
1803;54;0;16;sea;false;ocean;0
1804;64;19;15;sea;false;ocean;0
1805;3;63;21;sea;false;ocean;0
1806;6;51;42;sea;false;ocean;0
1807;71;15;8;sea;false;ocean;0
1808;1;1;92;sea;true;ocean;0
1809;3;4;60;sea;false;ocean;0
1810;24;51;11;sea;false;ocean;0
1811;10;29;32;sea;false;ocean;0
1812;25;24;14;sea;false;ocean;0
1813;43;5;19;sea;false;ocean;0
1814;46;12;39;sea;false;ocean;0
1815;17;27;6;sea;false;ocean;0
1816;9;11;0;sea;false;ocean;0
1817;14;63;5;sea;false;ocean;0
1818;45;52;0;sea;false;ocean;0
1819;17;37;37;sea;false;ocean;0
1820;37;27;16;sea;false;ocean;0
1821;7;26;29;sea;false;ocean;0
1822;8;35;5;sea;false;ocean;0
1823;11;9;70;sea;false;ocean;0
1824;7;42;40;sea;false;ocean;0
1825;37;42;20;sea;false;ocean;0
1826;2;21;9;sea;true;ocean;0
1827;39;8;29;sea;false;ocean;0
1828;26;1;15;sea;true;ocean;0
1829;1;17;31;sea;false;ocean;0
1830;12;76;7;sea;false;ocean;0
1831;24;13;23;sea;true;ocean;0
1832;32;11;47;sea;false;ocean;0
1833;40;7;50;sea;false;ocean;0
1834;5;15;34;sea;false;ocean;0
1835;0;18;28;sea;false;ocean;0
1836;24;5;42;sea;false;ocean;0
1837;14;2;24;sea;false;ocean;0
1838;3;31;35;sea;false;ocean;0
1839;67;5;25;sea;false;ocean;0
1840;48;33;5;sea;true;ocean;0
1841;3;48;14;sea;false;ocean;0
1842;34;14;12;sea;false;ocean;0
1843;26;18;2;sea;false;ocean;0
1844;3;22;59;sea;false;ocean;0
1845;4;28;55;sea;false;ocean;0
1846;17;26;44;sea;false;ocean;0
1847;52;24;1;sea;true;ocean;0
1848;7;32;36;sea;false;ocean;0
1849;21;36;31;sea;false;ocean;0
1850;2;63;22;sea;false;ocean;0
1851;10;10;0;sea;true;ocean;0
1852;25;7;46;sea;false;ocean;0
1853;62;2;27;sea;false;ocean;0
1854;7;24;5;sea;false;ocean;0
1855;6;70;11;sea;false;ocean;0
1856;25;2;29;sea;false;ocean;0
1857;19;45;7;sea;false;ocean;0
1858;15;39;35;sea;false;ocean;0
1859;3;74;18;sea;false;ocean;0
1860;57;23;6;sea;false;ocean;0
1861;0;14;84;sea;false;ocean;0
1862;52;17;25;sea;false;ocean;0
1863;57;0;41;sea;false;ocean;0
1864;43;7;43;sea;false;ocean;0
1865;2;40;24;sea;false;ocean;0
1866;29;32;21;sea;false;ocean;0
1867;10;2;74;sea;false;ocean;0
1868;43;8;35;sea;false;ocean;0
1869;2;15;32;sea;true;ocean;0
1870;26;37;6;sea;false;ocean;0
1871;70;2;22;sea;false;ocean;0
1872;6;11;31;sea;false;ocean;0
1873;64;23;9;sea;false;ocean;0
1874;16;21;41;sea;false;ocean;0
1875;9;25;34;sea;false;ocean;0
1876;39;9;10;sea;true;ocean;0
1877;23;68;3;sea;false;ocean;0
1878;35;24;16;sea;true;ocean;0
1879;43;10;15;sea;true;ocean;0
1880;29;1;13;sea;true;ocean;0
1881;53;32;3;sea;false;ocean;0
1882;17;11;63;sea;false;ocean;0
1883;10;10;1;sea;false;ocean;0
1884;24;20;50;sea;false;ocean;0
1885;34;2;50;sea;false;ocean;0
1886;90;2;4;sea;false;ocean;0
1887;4;20;71;sea;false;ocean;0
1888;18;18;56;sea;false;ocean;0
1889;23;56;8;sea;false;ocean;0
1890;7;41;51;sea;false;ocean;0
1891;31;16;27;sea;true;ocean;0
1892;51;24;15;sea;false;ocean;0
1893;6;46;36;sea;true;ocean;0
1894;15;36;33;sea;true;ocean;0
1895;56;2;2;sea;false;ocean;0
1896;7;10;27;sea;false;ocean;0
1897;63;22;13;sea;true;ocean;0
1898;35;12;10;sea;false;ocean;0
1899;13;23;41;sea;false;ocean;0
1900;31;7;22;sea;false;ocean;0
1901;47;30;6;sea;false;ocean;0
1902;2;0;88;sea;false;ocean;0
1903;3;22;40;sea;false;ocean;0
1904;17;16;65;sea;false;ocean;0
1905;22;11;4;sea;false;ocean;0
1906;1;21;47;sea;true;ocean;0
1907;34;13;11;sea;false;ocean;0
1908;20;9;53;sea;false;ocean;0
1909;19;44;10;sea;false;ocean;0
1910;14;33;33;sea;false;ocean;0
1911;43;3;13;sea;false;ocean;0
1912;7;77;13;sea;false;ocean;0
1913;11;0;78;sea;true;ocean;0
1914;19;38;15;sea;true;ocean;0
1915;23;40;27;sea;false;ocean;0
1916;54;17;16;sea;false;ocean;0
1917;18;2;15;sea;true;ocean;0
1918;45;11;17;sea;false;ocean;0
1919;12;28;56;sea;false;ocean;0
1920;40;26;18;sea;true;ocean;0
1921;2;80;10;sea;false;ocean;0
1922;11;18;53;sea;false;ocean;0
1923;46;39;1;sea;false;ocean;0
1924;8;26;9;sea;false;ocean;0
1925;17;8;34;sea;false;ocean;0
1926;2;24;35;sea;false;ocean;0
1927;17;39;35;sea;false;ocean;0
1928;24;22;23;sea;true;ocean;0
1929;23;55;7;sea;true;ocean;0
1930;4;34;1;sea;true;ocean;0
1931;9;27;61;sea;false;ocean;0
1932;29;4;21;sea;false;ocean;0
1933;2;7;84;sea;false;ocean;0
1934;21;41;3;sea;false;ocean;0
1935;27;24;11;sea;true;ocean;0
1936;28;37;2;sea;true;ocean;0
1937;17;18;64;sea;false;ocean;0
1938;42;7;13;sea;false;ocean;0
1939;44;5;13;sea;true;ocean;0
1940;9;1;88;sea;true;ocean;0
1941;76;3;13;sea;false;ocean;0
1942;3;16;32;sea;false;ocean;0
1943;19;1;46;sea;false;ocean;0
1944;26;15;26;sea;false;ocean;0
1945;37;14;44;sea;true;ocean;0
1946;43;15;41;sea;false;ocean;0
1947;24;29;41;sea;false;ocean;0
1948;21;1;7;sea;false;ocean;0
1949;30;20;44;sea;false;ocean;0
1950;47;14;10;sea;false;ocean;0
1951;34;7;40;sea;false;ocean;0
1952;0;1;4;sea;false;ocean;0
1953;2;30;46;sea;false;ocean;0
1954;65;4;7;sea;false;ocean;0
1955;48;10;22;sea;true;ocean;0
1956;49;0;23;sea;false;ocean;0
1957;29;27;14;sea;false;ocean;0
1958;24;5;18;sea;true;ocean;0
1959;26;12;59;sea;false;ocean;0
1960;13;9;44;sea;true;ocean;0
1961;51;14;28;sea;false;ocean;0
1962;23;55;20;sea;false;ocean;0
1963;4;32;44;sea;false;ocean;0
1964;32;2;63;sea;false;ocean;0
1965;2;76;1;sea;false;ocean;0
1966;59;18;0;sea;true;ocean;0
1967;1;38;3;sea;false;ocean;0
1968;25;4;40;sea;false;ocean;0
1969;25;24;26;sea;false;ocean;0
1970;29;50;2;sea;false;ocean;0
1971;30;37;28;sea;false;ocean;0
1972;19;28;2;sea;false;ocean;0
1973;7;37;21;sea;false;ocean;0
1974;34;4;57;sea;true;ocean;0
1975;33;17;33;sea;true;ocean;0
1976;36;10;28;sea;false;ocean;0
1977;10;63;11;sea;false;ocean;0
1978;59;13;19;sea;false;ocean;0
1979;15;32;33;sea;false;ocean;0
1980;44;22;6;sea;false;ocean;0
1981;3;8;87;sea;false;ocean;0
1982;11;80;7;sea;false;ocean;0
1983;7;24;51;sea;false;ocean;0
1984;29;21;23;sea;false;ocean;0
1985;56;7;18;sea;false;ocean;0
1986;11;4;68;sea;false;ocean;0
1987;28;59;2;sea;false;ocean;0
1988;61;6;20;sea;true;ocean;0
1989;10;72;1;sea;false;ocean;0
1990;47;20;6;sea;false;ocean;0
1991;42;29;0;sea;false;ocean;0
1992;14;36;7;sea;false;ocean;0
1993;36;7;56;sea;false;ocean;0
1994;9;31;20;sea;false;ocean;0
1995;32;7;13;sea;false;ocean;0
1996;7;48;24;sea;false;ocean;0
1997;36;22;29;sea;false;ocean;0
1998;47;14;33;sea;false;ocean;0
1999;10;43;38;sea;true;ocean;0
2000;2;71;16;sea;true;ocean;0
2001;31;19;28;sea;false;ocean;0
2002;13;67;16;sea;true;ocean;0
2003;30;5;6;sea;false;ocean;0
2004;18;9;29;sea;false;ocean;0
2005;31;0;35;sea;false;ocean;0
2006;74;0;24;sea;false;ocean;0
2007;54;24;2;sea;false;ocean;0
2008;17;20;37;sea;false;ocean;0
2009;14;30;9;sea;false;ocean;0
2010;62;0;19;sea;false;ocean;0
2011;49;27;18;sea;false;ocean;0
2012;87;3;8;sea;false;ocean;0
2013;9;1;24;sea;false;ocean;0
2014;52;34;13;sea;false;ocean;0
2015;83;7;2;sea;true;ocean;0
2016;49;40;0;sea;false;ocean;0
2017;14;13;11;sea;false;ocean;0
2018;7;23;4;sea;false;ocean;0
2019;5;12;66;sea;false;ocean;0
2020;20;29;44;sea;false;ocean;0
2021;6;12;31;sea;false;ocean;0
2022;65;26;1;sea;false;ocean;0
2023;24;4;62;sea;true;ocean;0
2024;9;26;55;sea;false;ocean;0
2025;0;12;41;sea;false;ocean;0
2026;2;68;25;sea;false;ocean;0
2027;55;6;13;sea;false;ocean;0
2028;22;18;29;sea;false;ocean;0
2029;4;7;37;sea;false;ocean;0
2030;32;22;30;sea;true;ocean;0
2031;5;9;68;sea;false;ocean;0
2032;35;16;32;sea;false;ocean;0
2033;82;8;2;sea;true;ocean;0
2034;15;26;21;sea;false;ocean;0
2035;14;64;1;sea;false;ocean;0
2036;2;43;3;sea;false;ocean;0
2037;40;5;42;sea;false;ocean;0
2038;17;11;71;sea;false;ocean;0
2039;45;5;18;sea;false;ocean;0
2040;10;25;63;sea;false;ocean;0
2041;35;18;26;sea;false;ocean;0
2042;17;13;48;sea;false;ocean;0
2043;9;74;0;sea;false;ocean;0
2044;77;13;2;sea;false;ocean;0
2045;13;8;53;sea;false;ocean;0
2046;0;37;42;sea;true;ocean;0
2047;29;2;59;sea;false;ocean;0
2048;22;23;23;sea;true;ocean;0
2049;3;2;64;sea;false;ocean;0
2050;33;7;25;sea;false;ocean;0
2051;17;43;1;sea;false;ocean;0
2052;19;57;15;sea;false;ocean;0
2053;14;79;5;sea;false;ocean;0
2054;29;27;34;sea;false;ocean;0
2055;12;32;31;sea;false;ocean;0
2056;3;16;28;sea;true;ocean;0
2057;14;7;49;sea;false;ocean;0
2058;0;0;15;sea;true;ocean;0
2059;54;29;1;sea;false;ocean;0
2060;9;9;69;sea;false;ocean;0
2061;22;10;31;sea;false;ocean;0
2062;6;81;4;sea;false;ocean;0
2063;5;8;79;sea;false;ocean;0
2064;29;30;9;sea;false;ocean;0
2065;2;53;41;sea;false;ocean;0
2066;13;65;3;sea;false;ocean;0
2067;13;53;29;sea;false;ocean;0
2068;6;57;31;sea;false;ocean;0
2069;27;22;33;sea;false;ocean;0
2070;6;50;33;sea;false;ocean;0
2071;3;6;45;sea;true;ocean;0
2072;35;10;10;sea;false;ocean;0
2073;16;50;26;sea;false;ocean;0
2074;36;33;30;sea;false;ocean;0
2075;45;20;1;sea;false;ocean;0
2076;0;56;34;sea;true;ocean;0
2077;49;25;16;sea;false;ocean;0
2078;53;17;10;sea;false;ocean;0
2079;10;43;34;sea;true;ocean;0
2080;29;33;26;sea;false;ocean;0
2081;41;45;13;sea;false;ocean;0
2082;36;24;39;sea;false;ocean;0
2083;18;36;36;sea;false;ocean;0
2084;45;9;29;sea;false;ocean;0
2085;36;25;8;sea;false;ocean;0
2086;33;22;17;sea;false;ocean;0
2087;16;4;24;sea;false;ocean;0
2088;2;25;42;sea;false;ocean;0
2089;18;8;73;sea;true;ocean;0
2090;37;32;24;sea;false;ocean;0
2091;53;18;25;sea;false;ocean;0
2092;60;2;22;sea;false;ocean;0
2093;55;12;19;sea;false;ocean;0
2094;37;21;40;sea;true;ocean;0
2095;0;60;8;sea;true;ocean;0
2096;34;23;41;sea;false;ocean;0
2097;8;27;51;sea;true;ocean;0
2098;5;20;57;sea;false;ocean;0
2099;43;3;20;sea;false;ocean;0
2100;55;14;18;sea;false;ocean;0
2101;24;12;52;sea;false;ocean;0
2102;92;3;3;sea;false;ocean;0
2103;27;18;39;sea;false;ocean;0
2104;12;29;44;sea;false;ocean;0
2105;11;29;3;sea;false;ocean;0
2106;30;5;33;sea;false;ocean;0
2107;71;0;0;sea;false;ocean;0
2108;39;48;11;sea;false;ocean;0
2109;8;14;48;sea;false;ocean;0
2110;17;15;7;sea;false;ocean;0
2111;9;46;8;sea;false;ocean;0
2112;14;4;58;sea;false;ocean;0
2113;79;1;16;sea;false;ocean;0
2114;2;11;18;sea;false;ocean;0
2115;13;33;15;sea;false;ocean;0
2116;18;46;20;sea;false;ocean;0
2117;4;40;30;sea;true;ocean;0
2118;52;6;22;sea;false;ocean;0
2119;38;31;28;sea;false;ocean;0
2120;13;18;54;sea;true;ocean;0
2121;56;10;0;sea;false;ocean;0
2122;55;23;17;sea;false;ocean;0
2123;6;36;57;sea;false;ocean;0
2124;2;9;6;sea;false;ocean;0
2125;15;36;35;sea;false;ocean;0
2126;21;62;9;sea;true;ocean;0
2127;38;17;32;sea;false;ocean;0
2128;42;30;20;sea;false;ocean;0
2129;35;16;19;sea;false;ocean;0
2130;57;2;27;sea;false;ocean;0
2131;24;36;5;sea;false;ocean;0
2132;17;1;78;sea;false;ocean;0
2133;20;18;35;sea;false;ocean;0
2134;8;24;38;sea;false;ocean;0
2135;60;13;25;sea;true;ocean;0
2136;16;6;6;sea;false;ocean;0
2137;5;61;8;sea;false;ocean;0
2138;62;19;3;sea;false;ocean;0
2139;61;1;5;sea;false;ocean;0
2140;11;12;58;sea;true;ocean;0
2141;17;46;25;sea;false;ocean;0
2142;6;5;78;sea;false;ocean;0
2143;10;35;37;sea;true;ocean;0
2144;74;7;1;sea;true;ocean;0
2145;62;12;7;sea;false;ocean;0
2146;3;72;6;sea;false;ocean;0
2147;46;40;11;sea;false;ocean;0
2148;65;25;0;sea;true;ocean;0
